{"Microsoft": {"P_X": 0.6, "N_X": 0.16666666666666669, "P_Y": 0.8, "N_Y": 0.1, "P_G": 0.26666666666666666, "N_G": 0.11666666666666665, "sample_X": 30, "sample_Y": 10, "sample_G": 60}, "Nvidia": {"P_X": 0.5333333333333333, "N_X": 0.06666666666666667, "P_Y": 0.9, "N_Y": 0.1, "P_G": 0.33333333333333337, "N_G": 0.21666666666666667, "sample_X": 30, "sample_Y": 10, "sample_G": 60}, "Apple": {"P_X": 0.26666666666666666, "N_X": 0.03333333333333333, "P_Y": 0.5, "N_Y": 0.2, "P_G": 0.33333333333333337, "N_G": 0.06666666666666667, "sample_X": 30, "sample_Y": 10, "sample_G": 60}, "Amazon": {"P_X": 0.4, "N_X": 0.0, "P_Y": 0.8, "N_Y": 0.1, "P_G": 0.2333333333333333, "N_G": 0.1, "sample_X": 30, "sample_Y": 10, "sample_G": 60}, "Alphabet": {"P_X": 0.13333333333333333, "N_X": 0.16666666666666669, "P_Y": 0.7, "N_Y": 0.2, "P_G": 0.31666666666666665, "N_G": 0.06666666666666667, "sample_X": 30, "sample_Y": 10, "sample_G": 60}, "Tesla": {"P_X": 0.36666666666666664, "N_X": 0.1, "P_Y": 0.6, "N_Y": 0.2, "P_G": 0.31666666666666665, "N_G": 0.13333333333333333, "sample_X": 30, "sample_Y": 10, "sample_G": 60}, "UnitedHealth Group Incorporated": {"P_X": 0.33333333333333337, "N_X": 0.1, "P_Y": 0.1, "N_Y": 0.8, "P_G": 0.4666666666666666, "N_G": 0.13333333333333333, "sample_X": 30, "sample_Y": 10, "sample_G": 60}, "The Procter & Gamble Company": {"P_X": 0.0, "N_X": 0.0, "P_Y": 0.6, "N_Y": 0.2, "P_G": 0.21666666666666667, "N_G": 0.13333333333333333, "sample_X": 0, "sample_Y": 10, "sample_G": 60}, "Lucid Group, Inc.": {"P_X": 0.6333333333333333, "N_X": 0.06666666666666667, "P_Y": 0.9, "N_Y": 0.1, "P_G": 0.5833333333333334, "N_G": 0.08333333333333334, "sample_X": 30, "sample_Y": 10, "sample_G": 60}, "Corning Incorporated": {"P_X": 0.5333333333333333, "N_X": 0.03333333333333333, "P_Y": 0.9, "N_Y": 0.0, "P_G": 0.31666666666666665, "N_G": 0.16666666666666669, "sample_X": 30, "sample_Y": 10, "sample_G": 60}, "Tesla, Inc.": {"P_X": 0.4666666666666666, "N_X": 0.13333333333333333, "P_Y": 0.6, "N_Y": 0.2, "P_G": 0.21666666666666667, "N_G": 0.06666666666666667, "sample_X": 30, "sample_Y": 10, "sample_G": 60}, "Advanced Micro Devices, Inc.": {"P_X": 0.6, "N_X": 0.1, "P_Y": 0.8, "N_Y": 0.1, "P_G": 0.15, "N_G": 0.08333333333333334, "sample_X": 30, "sample_Y": 10, "sample_G": 60}}