{"Microsoft": {"P_X": 0.36666666666666664, "N_X": 0.2, "P_Y": 0.7, "N_Y": 0.1, "P_G": 0.2333333333333333, "N_G": 0.06666666666666667, "sample_X": 30, "sample_Y": 10, "sample_G": 60}, "Nvidia": {"P_X": 0.7333333333333333, "N_X": 0.1, "P_Y": 0.7, "N_Y": 0.2, "P_G": 0.35, "N_G": 0.1, "sample_X": 30, "sample_Y": 10, "sample_G": 60}, "Apple": {"P_X": 0.43333333333333335, "N_X": 0.1, "P_Y": 0.6, "N_Y": 0.4, "P_G": 0.2833333333333333, "N_G": 0.16666666666666669, "sample_X": 30, "sample_Y": 10, "sample_G": 60}, "Amazon": {"P_X": 0.26666666666666666, "N_X": 0.1, "P_Y": 0.4, "N_Y": 0.3, "P_G": 0.4, "N_G": 0.2, "sample_X": 30, "sample_Y": 10, "sample_G": 60}, "Alphabet": {"P_X": 0.26666666666666666, "N_X": 0.03333333333333333, "P_Y": 0.6, "N_Y": 0.0, "P_G": 0.2333333333333333, "N_G": 0.06666666666666667, "sample_X": 30, "sample_Y": 10, "sample_G": 60}, "Tesla": {"P_X": 0.43333333333333335, "N_X": 0.26666666666666666, "P_Y": 0.7, "N_Y": 0.1, "P_G": 0.3, "N_G": 0.33333333333333337, "sample_X": 30, "sample_Y": 10, "sample_G": 60}}