{"Microsoft": 7.0, "Nvidia": 6.0, "Tesla": 6.571428571428571, "Apple": 7.0, "Amazon": 0, "Alphabet": 5.166666666666667}